{
    "camera_matrix": {
        "fx": 3746,
        "fy": 3746,
        "cx": 1956,
        "cy": 1083
    },
    "distortion_coefficients": {
        "k1": -0.382949,
        "k2": 0.330479,
        "p1": 0.0,
        "p2": 0.0,
        "k3": -0.460217,
        "k4": 0.0,
        "k5": 0.0,
        "k6": 0.0,
        "s1": 0.0,
        "s2": 0.0,
        "s3": 0.0,
        "s4": 0.0,
        "tx": 0.0,
        "ty": 0.0
    },
    "reference_resolution": {
        "width": 3840,
        "height": 2160
    },
    "metadata": {
        "camera_model": "Default Camera",
        "calibration_date": "2025-09-08",
        "notes": "Scaled from 1920x1080 to 3840x2160"
    }
}